category,x,y,attr_0,attr_1
category_9,0.04500158505701013,0.36552831516743944,0.18171040600884092,0.851641895019979
category_13,0.0014345999172706847,0.14735333686794816,0.36107512937411945,0.8937198042287885
category_0,0.8537211754292015,0.6494700237398989,0.37205374640743694,0.6097038393555554
category_3,0.8056721896378058,0.38170333176281,0.5366570956575815,0.07275933754634789
category_13,0.33539985403932604,0.8086642288917385,0.39698341633178025,0.41467509877856934
category_6,0.6874307950101066,0.8322665625843141,0.427145869242906,0.4379477531609537
category_9,0.19299584062024533,0.7388657261130412,0.3477051312484314,0.9117504748108102
category_3,0.22241435784079155,0.7895239608715874,0.8646473327117717,0.09681025797783349
category_8,0.7417720071789928,0.8423851074577491,0.4683910058516151,0.1861881017039163
category_3,0.5297860884946873,0.8664056482898935,0.12683129973583263,0.5383238414693977
category_2,0.2277115541987017,0.03121221415614528,0.16929256253520553,0.3491150943008714
category_9,0.240110943182978,0.15429642015500156,0.17293758997958486,0.6894935163099071
category_9,0.519059858154039,0.6412112386739518,0.15145282861902898,0.7685485086399002
category_9,0.09374369706308572,0.39482539285640594,0.9199145464821987,0.0672510708988795
category_5,0.10654538001223646,0.11620534497748991,0.2438453126561868,0.15495210821099814
category_12,0.5940353434838705,0.11521473683751982,0.894007856095975,0.25002980645819906
category_10,0.11563286893276392,0.8766593854099773,0.39929355904906705,0.18827716399145
category_10,0.8746437144164526,0.11924435699355151,0.1554867603852801,0.769589801861047
category_7,0.48182607475013195,0.6042112697708997,0.6157363291170468,0.13258681654394844
category_3,0.3355334366520517,0.24778574915379126,0.6990934143115686,0.1279600775207992
category_12,0.31653858444523164,0.7272868115743433,0.7984336317339921,0.620648372619759
category_9,0.19842720441295447,0.9578983032999958,0.8165867965990681,0.7599147879053072
category_2,0.06727473882094437,0.24534330780854907,0.03910677457639944,0.317941449393602
category_1,0.5068347316668036,0.3948864397401616,0.7731472608486332,0.09335767265618833
category_11,0.6953113351400748,0.17509782926864859,0.6736041748476679,0.16149417212732475
category_4,0.8264464954617736,0.0032012275002322177,0.039959271112877226,0.2320913800611465
category_3,0.5601030031670975,0.35213499358644007,0.8738554168439009,0.47312483770603864
category_6,0.7114987528105761,0.0301340212963791,0.13112864688047543,0.33362678217228015
category_11,0.3826946082393562,0.6320838462590728,0.7512402467003731,0.04028693895727953
category_8,0.8454971819746027,0.5217534735605273,0.2628823195700557,0.6315964926157651
category_8,0.5425734114989444,0.08208104315330467,0.7674614427499158,0.1362353765648041
category_2,0.7811054581144795,0.0054925730458196265,0.6137831049524821,0.08323416620047253
category_10,0.40046498312051726,0.3936242841701568,0.9604271358653715,0.3338153318059236
category_6,0.09652002249540281,0.24659444065397862,0.977354229833971,0.38434729597587014
category_10,0.8073033513935594,0.7424302105107583,0.6320494066519741,0.24832085307868368
category_2,0.5187747582002898,0.9464755916112035,0.9301470237275069,0.34976018746913284
category_9,0.5423829708062722,0.32697208563753344,0.36975099444158077,0.25345450017760707
category_7,0.6151602126403393,0.4968539191604646,0.4769406275480915,0.7595837176559133
category_4,0.9036293069880921,0.04256327432886875,0.6747552275779557,0.4793063513020769
category_5,0.17296492953039488,0.7344741596046256,0.6620792988803056,0.8744676763125824
category_13,0.08653645447025438,0.5088170671526522,0.08240998933661303,0.8668689673086172
category_1,0.7523580333870669,0.8861420212853006,0.4675437256711591,0.9128603927312902
category_11,0.9885273569815951,0.531488904360632,0.4398241145262227,0.8194186208972926
category_9,0.4206525008200651,0.2385232727235036,0.48130989354866294,0.8669323537282716
category_10,0.33329002780480554,0.6064713953942067,0.013151596204497462,0.4670606061723327
category_0,0.2028744250879524,0.7724201406069374,0.22866482380065867,0.1597125657124876
category_9,0.44269126445632556,0.4844779313402988,0.44734275375159915,0.9596614065775675
category_2,0.8128151576298447,0.7963339132863136,0.2618273389465702,0.5513784950766433
category_10,0.7082758158642317,0.025826282311041338,0.5834426043591783,0.4358795332535116
category_0,0.6884082996461802,0.9005868829096804,0.735398222503199,0.6161359784355328
category_4,0.8123068425364176,0.9871986290978534,0.15358268621014648,0.7834750948900987
category_4,0.20506864417850523,0.9765599159762615,0.2897345890705587,0.9678638866582816
category_9,0.19945317754814407,0.8217715024917223,0.3554195330050698,0.6804722836949918
category_12,0.9136691198564053,0.5939180970978991,0.9475024966723085,0.7635048333704184
category_13,0.49724476680830787,0.045277631959233844,0.13878142948970262,0.4458316116862895
category_9,0.8817124037520712,0.8775781654017155,0.21646603749996962,0.3812008148676411
category_3,0.2105473645793452,0.7602129160463795,0.911392197130246,0.9974436920011408
category_7,0.6700933106672562,0.783494960342379,0.6916920318666647,0.844130421891879
category_2,0.28066264432160215,0.7426974234014808,0.6804007953233958,0.5116568014860203
category_9,0.6368504017469263,0.5290124572471941,0.5948006748991825,0.6861486809274814
category_13,0.8568493748305792,0.6498704725979093,0.7668102670590148,0.18461629853804262
category_10,0.368987612626022,0.7779905192029465,0.708514473747339,0.08619258612252156
category_5,0.9184244137162748,0.3321776077558163,0.6605726463245934,0.5603490772384391
category_12,0.7176996046186972,0.30872476955273254,0.5937984342996779,0.8883474558972512
category_4,0.5791433552468694,0.7643498108142549,0.1303511434744843,0.7705769800024959
category_3,0.4297763588669369,0.5505780168213643,0.576460948092069,0.935911670401009
category_2,0.6641677762594622,0.8368182048524373,0.8510677602834736,0.26816378585686595
category_7,0.9617799013323728,0.5100815831706277,0.803384529746086,0.9259917027933408
category_13,0.3212616831348354,0.8650347533462559,0.9057127372024492,0.28458337823218727
category_0,0.9623688492001378,0.7492018960037147,0.11393871000997546,0.9646697181422139
category_2,0.9407498706862771,0.18289332857878238,0.7018086206431867,0.6303161043694303
category_12,0.1939421821708559,0.35490749670163735,0.940150052991627,0.5344698211126243
category_0,0.23832471136985023,0.07977962815543327,0.4992827774897879,0.2755540662837227
category_12,0.27731658352984645,0.5892303722385139,0.3948463972196904,0.11425472521656599
category_6,0.2945136030748279,0.43671125786678333,0.19680979793670406,0.9816172254263557
category_8,0.2901005649549463,0.6329658795798655,0.9968476067785572,0.45765046334998816
category_5,0.4759489274780375,0.36515739267295766,0.11718751739026223,0.1843373983659481
category_6,0.6971203415111866,0.6154013343016143,0.6783168836916119,0.9769723898804591
category_9,0.7227573548172754,0.6576046217850359,0.9830829463389903,0.07657011961604132
category_9,0.5609920005862988,0.8561518922044137,0.6888805004671339,0.11707393567095192
category_8,0.13201168074257164,0.005381866402452862,0.7451545298454025,0.9994765310615487
category_1,0.6462523002632272,0.22847117853763754,0.5093093042786423,0.1822593427306437
category_10,0.6701980843505062,0.3205875175302162,0.3183239572179072,0.023118138246670084
category_3,0.7319910535949135,0.5708757203826639,0.5237227909140356,0.004765638442918774
category_1,0.35645181775523305,0.5926368923248768,0.06903078556814268,0.13957297648516087
category_4,0.44934501483425016,0.9816054428147144,0.14908001422712802,0.20253565043663158
category_12,0.8521249159206472,0.8451023966256005,0.9757556530906615,0.19059170121532065
category_13,0.4599805599591983,0.8807070647787598,0.08313479580442662,0.6933724991451314
category_13,0.5409177570735354,0.7580860011309912,0.7103438048663002,0.9088823326285136
category_7,0.3368755179966688,0.5930285747506787,0.6136993115873497,0.5880559185975207
category_10,0.24656064172112757,0.048146508207652094,0.8682688381960815,0.9063519981747536
category_6,0.12254541156288978,0.2705425660047933,0.7075101272506502,0.5897777071806859
category_11,0.9611432560106883,0.6242827039856975,0.9124504740325975,0.14200891719284536
category_11,0.7966207500658934,0.39466240963281407,0.2176496663677725,0.026832805460940135
category_10,0.4069920697117846,0.0048727660747884816,0.8238115353853855,0.9761472530870005
category_8,0.21695557525118903,0.2730526902873399,0.5273780535985209,0.9348424968447008
category_8,0.8906148191240826,0.41988396719072085,0.2476410460298285,0.3920879051828482
category_3,0.5262231128681275,0.3012149056970044,0.8146267756544867,0.11679866837454
category_10,0.3129439414128343,0.35305763385936384,0.4118881472005379,0.932754209272756
category_11,0.2253911469246188,0.3160371819583996,0.5670909237805374,0.027109574029029804
category_8,0.9180111618697893,0.19522791838941878,0.22275252783432586,0.4787479307698984
category_10,0.04753142494968332,0.9802860792062967,0.027311837940163786,0.4191990489420889
category_6,0.47834946287935376,0.6113635828810292,0.18218422355461494,0.17318585973442657
category_0,0.034761412575109674,0.6474625164145018,0.7454868145747517,0.01931584402629849
category_6,0.3954102812434408,0.2569285753072551,0.3568743150074175,0.18165211919168422
category_10,0.5014291839179388,0.47421751621375763,0.151904579457125,0.18447743565460184
category_10,0.8408562837596639,0.30376859665260647,0.5784859042342086,0.5897857395452591
category_6,0.13846224768698645,0.6824285853942146,0.15858719494901874,0.3437716824800051
category_4,0.7859795749219717,0.1195441668134406,0.23693975590544292,0.7745372905095401
category_3,0.8844607932522788,0.14898917066650297,0.6571191295275501,0.9777030122464744
category_9,0.08080398688379187,0.1980619241625312,0.8568912157272366,0.5960586561301024
category_0,0.0030679356613558806,0.0914921103489289,0.930592458781152,0.13831738951162664
category_3,0.7076400888482385,0.8111349966387051,0.859835464071762,0.9918930753688199
category_2,0.7198021399770086,0.9824364045625674,0.13619411338398713,0.8840493880897455
category_9,0.28760012378068633,0.6806478945191602,0.6507385797606924,0.06696790999984348
category_8,0.8818022398878897,0.06258428872989108,0.19282930232776807,0.3979270641731302
category_1,0.05294831840820957,0.7791981226144546,0.8472711144077465,0.3261980457056918
category_5,0.8069385010022802,0.5106254087832497,0.8802206649650565,0.7539661691295675
category_8,0.08862573842910682,0.8288298938705176,0.017070974472297107,0.168485710320185
category_2,0.5803456390685536,0.31562422039753346,0.22908197868490687,0.3295473124386855
category_7,0.9599265219443246,0.49284883586423867,0.16452965309772405,0.16161460356687218
category_9,0.4653355864670178,0.9726015598517345,0.24556937102101284,0.8836966753991552
category_6,0.7726745722045283,0.34666014450828864,0.08218917585145136,0.5581421171127507
category_3,0.040080764443752526,0.1514528790767029,0.6322607768799636,0.2739654314494495
category_8,0.8380942250061072,0.6051750551263568,0.023118229151289804,0.2458305879033965
category_7,0.35017417969637843,0.31852765528379223,0.7396284329556224,0.2407050396784739
category_13,0.9986798931266221,0.4184726714333572,0.21780845634778379,0.38600981325675876
category_6,0.8948200316840595,0.3465103388942311,0.9561326555272419,0.6624301267934977
category_7,0.6832106975760898,0.4746114741498272,0.9093749897758993,0.4877662209057052
category_4,0.8874439533796723,0.3753041857283208,0.5519932163988731,0.6734237975726919
category_10,0.03027875407024949,0.6994992715643105,0.7778476608061841,0.6611971720624163
category_13,0.0809299149375331,0.6477652258356068,0.4185562424157234,0.34141534067958523
category_4,0.08054667623286205,0.6397739872431801,0.13121909780740348,0.8278190481559475
category_5,0.13566077498952112,0.1314031958623484,0.9224786015606302,0.16520943899905105
category_10,0.36319263568970384,0.37237707559629707,0.7271013316291792,0.28221693372741863
category_5,0.060008267523701586,0.9718436500594887,0.48331005040982655,0.7628627550725332
category_3,0.6374027847684467,0.942423163429685,0.8249288070343687,0.5939448218107202
category_5,0.3609664257180144,0.3622464151223803,0.2541715832989204,0.2289839234169554
category_8,0.7578871666792276,0.16646978226965492,0.036791777460299824,0.9679522096085644
category_2,0.2689316809063562,0.3991158871835614,0.5252556509435548,0.12609597602623446
category_7,0.7356934669539015,0.8956064890423031,0.1375038944010435,0.47901460016780006
category_11,0.06785669055467436,0.008360824233948794,0.7370908103414447,0.1653186017182693
category_9,0.4970717719217693,0.0671311244330195,0.20571645260658677,0.2688437784807336
category_12,0.6191934193379479,0.5827597560998493,0.190862642996927,0.2758365831888939
category_13,0.5262612292665076,0.9970447359519714,0.49462470138603953,0.07448167739049383
category_4,0.35310902452821114,0.5922358730642091,0.2549186651130386,0.3073663171221118
category_11,0.033256815379473226,0.864639626774454,0.7648075632558748,0.1388448628497272
category_0,0.13947491513992272,0.5698937753844013,0.30155887824176697,0.7760897028281933
category_2,0.1572209209587221,0.4208617817246254,0.5239321407156204,0.4579996813943078
category_0,0.7470974842359982,0.2759870390733138,0.9793258609212704,0.6389597106720245
category_4,0.0287776768409439,0.8550929607378406,0.3993762560379662,0.5863896868573597
category_8,0.6774387138157529,0.1658592832492638,0.2002084257075536,0.20024758133060605
category_6,0.7517998374455819,0.3784987113136665,0.5576170780650727,0.7585978816274235
category_6,0.2162782596317101,0.1872004400275269,0.7006062177888916,0.6920628880020184
category_6,0.19272350565603436,0.522759077906945,0.9871682225758397,0.01941899518283896
category_7,0.91180676046144,0.28949542909234927,0.2691799324955739,0.2766790627201152
category_6,0.6967142772477339,0.9369273052996218,0.6364978502377134,0.40916075942169905
category_4,0.15288454097908233,0.023325763776474995,0.7529845918481587,0.17892463536521408
category_9,0.7525632197613095,0.21965113761502575,0.13694023549884904,0.4587303431461961
category_4,0.16194131551487556,0.28699788429689843,0.7989148358606855,0.9192552722447025
category_5,0.25473096226341385,0.7365597088612411,0.20659311748238585,0.028740260401381668
category_4,0.13784107362137432,0.592758072002881,0.2925105805503464,0.9896853130915149
category_2,0.8965353026572204,0.7698732841254101,0.5539626749949456,0.27617169584926793
category_12,0.6797323208759795,0.35410347773896156,0.7614890193128315,0.9269146222817638
category_3,0.3240323203682307,0.5291712821842837,0.6452768184631906,0.30081688275285
category_7,0.2749178769447451,0.7314878359126883,0.6869853040123413,0.24769047276638123
category_2,0.22855685339776965,0.7430561506736675,0.3294491831689559,0.11464604326055661
category_13,0.503209190447699,0.014384567253248548,0.9846740892544227,0.017530757546646236
category_0,0.39652935471174067,0.7783670633277349,0.2913433985339752,0.29312543614477726
category_7,0.7861239213286343,0.8205195033564636,0.7435968012580961,0.12021191141336351
category_13,0.06699951725080922,0.026249000424962143,0.6236107917597855,0.8825191801577256
category_11,0.12176328364629396,0.27384706888607135,0.5094700264203782,0.7822353738176866
category_6,0.6919541476823329,0.179187539313445,0.17585468684004368,0.4355529355674378
category_2,0.9916912182668473,0.18752851358368683,0.24948779539630095,0.981614179288435
category_10,0.2868041614500677,0.00792348294220746,0.5314576618549806,0.7906508190186148
category_5,0.4746803405973298,0.46000208732993064,0.3404345886475064,0.9170207568021789
category_0,0.7267758713543491,0.421841612416498,0.3043439882603042,0.5903785164493134
category_2,0.5045675661819963,0.8494015992088078,0.5786392405914013,0.0349737213154947
category_2,0.08539042332293789,0.3072167891551829,0.3344793368977287,0.21646150150212062
category_12,0.7699221844280988,0.6149798470202568,0.9843177969513839,0.7777161772652496
category_13,0.137837479698817,0.17664924814812,0.250639075775259,0.13103446445241895
category_11,0.6394587549559385,0.938193032093808,0.14497852764423524,0.5980402064237726
category_3,0.03257978120809368,0.6971430000407909,0.054786442573960925,0.8311514770602738
category_4,0.6651171305434712,0.1720289349819787,0.9232879546961602,0.1620076412647442
category_10,0.466472655102382,0.8410760688270422,0.5051952073455678,0.9843509365967076
category_4,0.98747518594899,0.8218977996977599,0.12192861860663562,0.4109886126861545
category_1,0.2768461722423037,0.5527619010426874,0.48606799911890786,0.42171555315011133
category_10,0.3363337174339234,0.7603882184992728,0.6096985533604682,0.34254595659503007
category_5,0.9499524429295383,0.7949806077911062,0.5849202544052188,0.40524752934195907
category_4,0.7253786825417327,0.09020930306426445,0.3082479253178666,0.05228213938155013
category_1,0.039003565158553855,0.18999614526943864,0.4662639874566379,0.07303291924825606
category_12,0.8330053221001863,0.2699524505194064,0.8832880620373652,0.045895147390027535
category_4,0.9622366836703318,0.6987567817712378,0.4695136037293519,0.20125531960270204
category_9,0.5675652175124402,0.2742828837040523,0.6870947405927359,0.5275222512753818
category_11,0.7336603717141558,0.2803077567216935,0.8690085504200167,0.026098608649144928
category_0,0.7045653235252549,0.9666862896521959,0.21670590350233576,0.04168087988303615
category_8,0.7840027267385389,0.24767258536419168,0.6088602331033361,0.5315744839146904
category_1,0.3094101878625636,0.7936129471327094,0.44711103983637523,0.6712703322082324
category_2,0.04689652325302729,0.6229372557224148,0.7015104453435181,0.1263825405333071
category_3,0.5780438195669266,0.2145388566987213,0.5507465602211963,0.8655058243338536
category_10,0.3503084978917219,0.37301184814965005,0.6264673394950463,0.2499534406072298
category_10,0.9512707274402515,0.8011123463263246,0.5961858080599138,0.3856849945349876
category_7,0.23779434471368543,0.8867391803383183,0.5525654552059894,0.6598102886306625
category_7,0.4502045009278387,0.15486293294343845,0.1513422058072802,0.17816893914584342
category_3,0.9441804664333903,0.26049038663758617,0.9259382677863248,0.8024287058559757
category_10,0.7596192553859601,0.030885909245700227,0.6749000034922349,0.5499250116907693
category_10,0.2704180261851463,0.0864750609248004,0.6253770952431323,0.6712306879401267
category_0,0.9819640500256075,0.20992484104699427,0.6071888402788088,0.8731834198506921
category_2,0.44316976251933304,0.5321348862578229,0.6736655446478477,0.7614077854594419
category_10,0.6184534294072797,0.005203945104974572,0.5421356269105573,0.4817851899809844
category_4,0.40694936178941443,0.4296928288863615,0.9439281074390775,0.036849775168000365
category_4,0.5329328382085955,0.620627923759061,0.6821742003845869,0.8878679085700305
category_11,0.5127154835648031,0.055349732449498146,0.05027337066354565,0.4605014191801088
category_2,0.01262192737323331,0.8855890347122205,0.5884228724467457,0.9146866654123847
category_4,0.12070629241499631,0.34517571953262094,0.771489112911513,0.8558868392221443
category_5,0.6388581583619666,0.39633110792902626,0.8138772826901695,0.3287205134062342
category_10,0.35333471680037165,0.3695887656808695,0.4119390183100027,0.3819236663705823
category_4,0.1545554196292136,0.7775156084980505,0.8223226399500105,0.7737003790241777
category_4,0.4289367037317353,0.5177546206603374,0.37475225067053297,0.009744318411955666
category_10,0.21078671913323832,0.7075486178449412,0.9608876393799365,0.42009385710441927
category_8,0.17584765640313627,0.37675006584226367,0.137719277908934,0.26556614723459415
category_6,0.7166623578403115,0.522153302796263,0.20302973381907496,0.4781395864331083
category_11,0.3750271091962756,0.6944584957471954,0.13083261762481102,0.2097039842774604
category_1,0.7818198339084196,0.7506588180723045,0.16136847956046196,0.510972980471393
category_9,0.5392990748602904,0.21997090401238684,0.039738751385349214,0.8247581642109644
category_6,0.7708402565827597,0.11998758689864697,0.4798416056338922,0.7088220173483849
category_11,0.25042999990343295,0.248794914296126,0.5478029319581197,0.05732293784965237
category_10,0.9959002548509855,0.6739398079707439,0.12996947046198104,0.5234509916988592
category_2,0.18716809003401258,0.38499820979489696,0.11594670264046736,0.2060640094169376
category_13,0.10362446674870884,0.7336439574775283,0.2309350868016451,0.9538783243759481
category_13,0.9539084062835189,0.8712008038834702,0.6259971480696052,0.18412675461362904
category_3,0.27527067779144887,0.5639982921667966,0.9877991345920896,0.22603896590705874
category_8,0.86912412025266,0.8967634977091418,0.8021941918928567,0.9339939270984304
category_0,0.7849430966056509,0.7463638080530246,0.6172699692568876,0.17457667154533063
category_4,0.5178211409628979,0.02631469433366329,0.689301602634342,0.28070280634543643
category_8,0.5331968346396229,0.5859542592421865,0.983878050861399,0.37142457619573344
category_3,0.5938575214326409,0.22512575032409132,0.07759799672296219,0.5299973094588092
category_10,0.4188608802565532,0.16757535594087458,0.6260741683077663,0.6311143759372073
category_11,0.00157570289100617,0.12753017660577537,0.2858484782847597,0.06697536275355376
category_4,0.3772515007160957,0.8585633075288498,0.01445242181371098,0.8302614430211191
category_10,0.4147808604668807,0.16852244094964608,0.6360991233060032,0.6482990908158021
category_11,0.41148540428933555,0.7520954153223722,0.3945586326548053,0.49658273567829814
category_1,0.23366685799566622,0.932942674141317,0.40282115560083687,0.362456284952012
category_8,0.41941521210253907,0.1196403915416191,0.043437465250826146,0.9314090070833526
category_1,0.9358177144405779,0.11978068471692793,0.29214904824105103,0.9400689823178695
category_11,0.6786589891290256,0.2703944113661665,0.6245856630188843,0.7520662648186
category_11,0.04096771183202608,0.2586758397134905,0.11872632606752132,0.130274536396343
category_10,0.563285993807211,0.5998947460690421,0.7142951274155572,0.32970257777837597
category_3,0.31155800508556986,0.9782323382481439,0.24694600140496215,0.8290313565057701
category_5,0.838226614227605,0.7634614407398314,0.9456584638658871,0.37125812155825155
category_2,0.6793969590217018,0.024079919941307537,0.6796775244437765,0.3031845966837956
category_2,0.8547182813862422,0.9123480127371317,0.8143477469875122,0.09428318291929894
category_9,0.09369118804916854,0.016989606061471152,0.32926176283638575,0.2455799738770903
category_11,0.745305139543986,0.8986045083647839,0.5463060209145865,0.04428898080908272
category_1,0.7225774603955076,0.8944279195159273,0.8227379724846848,0.7352598068081266
category_0,0.8069474848212411,0.6047619306763297,0.03680771314442244,0.5676565820079188
category_11,0.664302759666213,0.3013327017605958,0.08541817194490886,0.2708712945819781
category_11,0.017405361062687863,0.48880006294241796,0.0060611444895705135,0.7264357931013146
category_9,0.9539366023546363,0.558343398113635,0.44365614501132233,0.8235394411959753
category_5,0.8752736611699259,0.9351305263365965,0.5618959391469412,0.17975325830244548
category_12,0.14024378952375582,0.19317766100895117,0.9807007786841418,0.1221861005742434
category_2,0.7593808982225159,0.027118034369047583,0.208025120214826,0.24696481150869476
category_10,0.672236272631713,0.8941437141853009,0.9583795706367819,0.5679175677633818
category_0,0.8103720361917063,0.17629349432297503,0.5938766092572244,0.48838282653848597
category_10,0.32596892421875134,0.926278257010119,0.698424076060763,0.09731001821100449
category_8,0.807071921711419,0.10932623297742128,0.8167830648129192,0.4963644049205894
category_2,0.7811865509989621,0.6212750881312992,0.7638075244252496,0.26373525766598305
category_10,0.7055203887343671,0.09642027403270659,0.44123276753114504,0.003428748446838048
category_3,0.7455089197661211,0.12886133768689023,0.3770390697545132,0.2508573023786367
category_6,0.8003231663252354,0.09608642978369619,0.671056814369932,0.5320628576164254
category_6,0.7991180175746436,0.43377525028302355,0.08489668139353579,0.17152036073739907
category_11,0.2890158310064208,0.38427614646936004,0.993975562075321,0.9151494470733053
category_0,0.3920481690006026,0.14000353685585065,0.4730573999378308,0.15086305733533467
category_6,0.6812513014407947,0.4076080197741697,0.8992824471889574,0.9337648387661056
category_6,0.6408544854364773,0.1652768968535263,0.07590594635769421,0.05896476161067987
category_8,0.9558610422476225,0.569571426693297,0.4061376605594512,0.2829411044766098
category_1,0.3988282221462708,0.14456945112412634,0.19285750644108612,0.38816818631404437
category_1,0.17855192888991167,0.19862069565582208,0.7746677492189404,0.987350396762479
category_8,0.3204343210883025,0.6461760364632185,0.7498998328818756,0.5213266738009198
category_12,0.20755633761008818,0.9923201920818407,0.8175554224438593,0.6470280351147959
category_2,0.8087732560345803,0.8261713221090927,0.24772162192785185,0.6355004877254762
category_4,0.550448289107374,0.517342097798603,0.9448245065367287,0.8738798250189964
category_0,0.24804923162807413,0.6444008555341982,0.8314352877584865,0.2215498199719258
category_12,0.4892517062926953,0.9300525910155091,0.5506152872714256,0.3274181559840198
category_12,0.4687301854420104,0.9355684523415917,0.9192396383556516,0.6822550601483341
category_10,0.9881329067046303,0.6617262083140978,0.07589651115617568,0.7224410558152664
category_5,0.5441597430364374,0.6419855358598657,0.6948633719480359,0.6415198419076997
category_0,0.6255321706303454,0.48308133775381745,0.6808598899080676,0.536067892293771
category_6,0.03441785723219504,0.6853902275056898,0.25648406816230884,0.4927409456747147
category_6,0.47132430487212285,0.19082704658946703,0.2854113425055118,0.5246658399480482
category_12,0.7217125566964391,0.4861911822542617,0.6596138343911332,0.3381400933540323
category_0,0.8951209189826596,0.5615817535768013,0.4526093120804283,0.22572679823678665
category_13,0.9610485796772107,0.6580125473013954,0.4911266532257743,0.4069979068691071
category_11,0.07831793158198741,0.8876112016802103,0.34201623681239235,0.8464596885625267
category_12,0.6879147251184756,0.3390488393862524,0.8880224944864038,0.5685969136433374
category_5,0.0077291249661801675,0.8124515834909476,0.337454336204164,0.5647536268398496
category_6,0.6127836819691314,0.39619922068456837,0.7820563898589756,0.8655682512915339
category_0,0.6313455922014196,0.5739842483072828,0.4842977411558379,0.8126906239183415
category_1,0.7671463339575358,0.13315024039965428,0.721438302429096,0.7480349038947685
category_5,0.6557123873798388,0.4054930873755006,0.906316355913848,0.07228540165749675
category_10,0.4188371258009812,0.0297508071031517,0.3183332196946873,0.17883840638676185
category_4,0.9926618685880573,0.08770222744877898,0.22532459617723855,0.6646318383421721
category_1,0.506349932032519,0.7980363545348184,0.572593726662937,0.6515805524176336
category_3,0.38328202175634485,0.8436207116360269,0.4356696157658607,0.60347875303883
category_0,0.19529068958206153,0.9012095405015578,0.1250165215437824,0.22046091731502104
category_4,0.7376261313705699,0.5879916676285181,0.16079262424469865,0.634534300372013
category_7,0.6083329705832689,0.14620238268112284,0.799902618684632,0.7831778722445477
category_6,0.8643422933491204,0.5955860222225071,0.05275862635850559,0.03400313107223463
category_9,0.21420940426904667,0.9056923188741621,0.3818571461070761,0.8955030388046457
category_12,0.9590578236309281,0.4934821420205172,0.3603874399988036,0.9266793078435118
category_7,0.49080830788339946,0.12247942956671964,0.3175138048076942,0.5791617463704022
category_3,0.6761192819131999,0.15939658510128718,0.16991702227614502,0.4129720656661975
category_0,0.8883972676845232,0.055860158418655104,0.5306985983021635,0.17736319536843048
category_3,0.8669747749527884,0.7866474629849929,0.5725030620979069,0.9116427891240015
category_1,0.9563509333723127,0.40780949446269443,0.3018661651433311,0.7296471298180968
category_7,0.1499282293164046,0.6058550126184049,0.29170417483902666,0.23418427834980715
category_13,0.3350011836564576,0.17354459447072645,0.3413560543590427,0.3390851848288682
category_4,0.47513816805823106,0.21042755283859416,0.8227011176844272,0.8970598145019679
category_3,0.6479413527026783,0.812888369761256,0.40133239451367564,0.015683026186928517
category_13,0.57609887721055,0.7608018052979973,0.9456084360052529,0.3183028540181658
category_11,0.9052900135819792,0.853542439059104,0.6638762647888147,0.044942887202509496
category_1,0.768482234134399,0.6074771252445778,0.03749173759726443,0.820047938086026
category_11,0.7329833041857899,0.2633648450494862,0.37854003149561444,0.9385754437966464
category_3,0.9804347379641055,0.9687957404547697,0.3952423104209746,0.59189333820814
category_9,0.4301287056289348,0.2873162190896107,0.09897063453948396,0.16190682986176286
category_10,0.4612920790038274,0.9905594626025623,0.132645284771582,0.06881324050550486
category_0,0.9381230196732244,0.615919232047667,0.7477525328294778,0.22899858176042043
category_11,0.10892543364525631,0.30760920122781765,0.925603123012011,0.22867171212138748
category_6,0.005498981862519958,0.580940601862375,0.7056866776433072,0.5872504731348924
category_13,0.5562870208295326,0.4615574865272033,0.9086340367550656,0.46598527754861796
category_5,0.2316995889565523,0.8166024114144578,0.1938208027337327,0.4517478185636482
category_1,0.9279066029668567,0.21653415880935778,0.6042371859687866,0.10894358722393005
category_7,0.3159759203006337,0.6041835787356094,0.5296846594997677,0.11866077102161254
category_1,0.7009805779819921,0.16961840811117457,0.41270925934944247,0.5964411710540344
category_12,0.704651253114923,0.9536990578514709,0.5318916624180426,0.6488122375197315
category_1,0.6039987195674212,0.7776776898241339,0.5130089998850896,0.6628008390331624
category_5,0.5514510034036285,0.07899516117582062,0.9063563777457562,0.7737159655283117
category_9,0.3978246839830508,0.84485198836618,0.7315089843707369,0.9332683147887745
category_1,0.7124940078228698,0.10555373121684675,0.2235125823452112,0.8188203832053711
category_12,0.8952765435293326,0.2525088547145711,0.1270545626642685,0.9506659082920136
category_10,0.18478905279195323,0.8315846895909784,0.9252882753510617,0.9318694249464777
category_10,0.9397390967933058,0.911662884670622,0.5435576052997848,0.8179023199270814
category_3,0.3482061418290787,0.03195957793747062,0.4075945359935029,0.2793098485146712
category_3,0.07499327542137002,0.9083252727788654,0.23649022014699972,0.4694606253845577
category_9,0.0705519922191361,0.6195416979762359,0.5857472142439276,0.8066483253142138
category_5,0.3973776336596845,0.1954353512181688,0.334571656668216,0.9817584589301837
category_9,0.5294562261854573,0.6402812669488237,0.29852623075232754,0.01630130755507453
category_0,0.7968086285589719,0.7216533556411371,0.15151091031758912,0.2534433943261941
category_11,0.6861438803031205,0.3668800855516189,0.9289308704010566,0.510737900077408
category_8,0.4666366889088359,0.31867372790555015,0.3750954625049526,0.6332542739788501
category_9,0.17391394885006006,0.2645767026239316,0.016674164577828776,0.07311291863783653
category_8,0.3390680021213347,0.6648497661018448,0.6037154597068317,0.3647238385895559
category_4,0.9677644121862905,0.4541568713144214,0.7543463706427826,0.5232912329294247
category_1,0.5581353263254548,0.28423520749370834,0.06681302749436291,0.07558620332463462
category_13,0.2668712539354203,0.8617996680567481,0.5424677314574511,0.9513450905072123
category_6,0.8041263415921283,0.07472750730117628,0.8701233884744713,0.7717079269100092
category_11,0.9266558612358657,0.4843565346786848,0.40034678579700556,0.15902965530052182
category_4,0.698329767558842,0.27395746980846125,0.9150935431031755,0.2079683408922287
category_8,0.1260405669824971,0.12670696786384406,0.1411912303487235,0.9482854623066356
category_5,0.9190166449018833,0.7049708135049964,0.5593473177486158,0.29108754070379217
category_1,0.04661572439532158,0.36947797404869465,0.809275935124378,0.871581317918275
category_8,0.5270976320067403,0.8598413619792544,0.8631685039324095,0.07052252233372591
category_9,0.5010095209163687,0.06881160766784278,0.25824290738572864,0.585548817202612
category_8,0.6411542002198694,0.6102643998138997,0.2556046690521593,0.9439034602185735
category_6,0.4028988164392381,0.48824127801804396,0.5985792507859067,0.2800980866498872
category_9,0.5396524080879371,0.8857759909557483,0.5790852071307702,0.61783336689329
category_3,0.645537032590381,0.681739236772978,0.8235956698993222,0.1584695294724504
category_2,0.7978703735845326,0.5309616005935162,0.39771950936622646,0.7324631652786421
category_12,0.614388950869946,0.17531007695074774,0.00806541723458487,0.4146153459415376
category_7,0.03240730954637461,0.7456139036736914,0.54756812957419,0.7402221802992363
category_4,0.9180554948381416,0.36119727179261074,0.16969239852673723,0.07636831611926065
category_13,0.1280975459812762,0.8199624157405642,0.6753568916007168,0.8591716378813451
category_11,0.26128596344856736,0.626426863591676,0.6546690817483407,0.3723205795309057
category_1,0.3900881880197786,0.5962857748277408,0.14517265354408548,0.7492179070172137
category_1,0.2635623645681968,0.6216501886710383,0.46300532142217865,0.862376685854613
category_2,0.30007409345988845,0.370651777951606,0.08960169894761949,0.5116863569602528
category_4,0.4094389347506435,0.6304364497841288,0.2972846423415667,0.09148549796687167
category_13,0.624663976765065,0.6334225022532292,0.7463836763259967,0.3108138882389855
category_9,0.21576660083016108,0.8942006021425706,0.8104688823411291,0.6626305824090662
category_13,0.7093754965431861,0.2664906532461935,0.3981026843414235,0.31828031798064926
category_10,0.3985669886069878,0.18086417070993244,0.17669994547924384,0.31255769013131085
category_0,0.8380486275799913,0.7297501194394918,0.5033834842092855,0.33816805871082356
category_8,0.9765263822810901,0.5652079610579303,0.7802093850337698,0.9643337257156489
category_9,0.1339987427981426,0.34147072441397996,0.12479244229323638,0.4722728093976474
category_2,0.40052027028150006,0.8644527616147593,0.39617394220470725,0.8117544637585739
category_4,0.24508213268659196,0.8085267846206465,0.08294553709279562,0.653957671516649
category_12,0.15975769146170815,0.4982933871338492,0.3228197732484698,0.6831269246845664
category_9,0.5756361100737419,0.8158882789785228,0.13025297407392877,0.18494516332800792
category_1,0.41583937481033595,0.9078118078694364,0.16745330840595007,0.13757020768248063
category_5,0.22043123433169554,0.3113041448769628,0.51865098107408,0.3079158352643607
category_7,0.6260204088785554,0.671642590203743,0.5583717347671703,0.7581240338007025
category_7,0.22447751825432694,0.7453709584120093,0.6191116793763053,0.3473431568242219
category_1,0.7815367969483727,0.03628408100944991,0.9525653058129757,0.556467790756069
category_1,0.6482344339208811,0.8779707819874646,0.027883417205429306,0.1589041961046257
category_11,0.33269496326952874,0.5939430427376774,0.7723434367071144,0.5169898622128852
category_12,0.3751483396210471,0.01802329639408129,0.9782325673362346,0.3243172335001745
category_1,0.48510832914792434,0.46293442402935525,0.7044022528034549,0.8519548103462342
category_9,0.10418827016113452,0.9699607887357365,0.1442036483238921,0.7248608533334733
category_8,0.5696521518455052,0.4430957582108368,0.23136819793050822,0.11809356475624588
category_12,0.7442958893826467,0.5816916200449039,0.2969582610819751,0.00479359762419973
category_11,0.2642731088883056,0.25425973464052265,0.4464317467697039,0.0736119684561869
category_11,0.4545355131995672,0.2029799356025086,0.11559592935108343,0.4640891101114274
category_5,0.26444674075694974,0.26986206733690077,0.691851088472023,0.8832980843883564
category_11,0.0029115754359393398,0.422523230608303,0.4018963529330033,0.5020003348318667
category_3,0.5846524365741592,0.557218885530807,0.11491662648539658,0.5219366171566059
category_7,0.8002842179685229,0.1414787500987451,0.8522409223707583,0.20368852392147618
category_5,0.23311917493156964,0.4037694986267244,0.4233382416308028,0.38773916688055565
category_7,0.9188436708026003,0.8034266895900387,0.2808187152826499,0.20115181686860972
category_2,0.1376426589151043,0.4513722222116011,0.17618120984226182,0.2692207717902755
category_5,0.3552953935621963,0.613550170197294,0.19961808693422334,0.4623852415857107
category_10,0.7779108951518411,0.665776484434051,0.6501519690528633,0.06497697504023636
category_3,0.5407792599737634,0.4862900006213098,0.3480681327694056,0.09605176833190354
category_12,0.42852344814100574,0.6220090276859824,0.5314802890237892,0.85465464636078
category_0,0.09417005515629495,0.16369160459197885,0.6978387313055762,0.8820398908359967
category_10,0.875844666456641,0.9003763027812144,0.8704201423124124,0.16782697821936599
category_8,0.9048815329320795,0.701694792414878,0.9614300601579459,0.14346286844565403
category_4,0.42476005255762606,0.8258514316977743,0.08521643961914083,0.7511647976978947
category_1,0.4753960218133202,0.7419527932465299,0.5051458874888437,0.010223169740686155
category_12,0.32279827901061486,0.3135180430833743,0.8762348642698841,0.2966296379673643
category_7,0.011551503186840728,0.3525274861008818,0.5593915117420535,0.5189665590593371
category_8,0.0351181524841323,0.4971653854626634,0.5093091840250764,0.6526108298405842
category_9,0.24645882090546434,0.41387025342170025,0.07160664745208878,0.8111297649529511
category_1,0.23637450260433546,0.5140420887737832,0.7545658181601589,0.2403384447935797
category_4,0.2689364312150482,0.0018178998626706688,0.3616877736273345,0.39096100483841667
category_8,0.2932114721568029,0.5184947700778894,0.12381808984783393,0.9730167960255574
category_11,0.6572077749133236,0.8475726123520189,0.7011686077008578,0.7598218095308469
category_6,0.7626923875826467,0.8279808357507409,0.016217208488493173,0.3197726047229834
category_0,0.9834274061718213,0.6481538899909222,0.0072065035120837395,0.3112706360495374
category_8,0.14622546325028807,0.535459286224338,0.10330550843831232,0.37595431411886704
category_9,0.8401599615331562,0.6359982536128002,0.9519986296631704,0.07378176401668701
category_2,0.48021305012684123,0.4551063580104987,0.43608182395506556,0.2920979991413749
category_2,0.018801397106082307,0.48179130677220816,0.5429828282047368,0.8889954967879903
category_8,0.5183073966694353,0.7663922155059435,0.14215184631430078,0.3509987756539342
category_13,0.3967980015179695,0.88150175270835,0.73771639211536,0.8705442009622707
category_10,0.90395440619333,0.012669006895831503,0.6474729154581204,0.0169395397116473
category_10,0.10515657052952587,0.17979297656190385,0.6589319687553715,0.7052133541803455
category_3,0.8748722007664301,0.16216271671918192,0.542505388433614,0.7370994920839863
category_12,0.19296809294530082,0.9007416515386595,0.9484570416888127,0.027598470828886
category_1,0.1282959362383087,0.6644430357962587,0.44170477747650994,0.17081080261175452
category_3,0.5076827551047223,0.3527626728454383,0.012029672583439344,0.2483404142063772
category_5,0.35370771398576173,0.5637823700256344,0.030558455215059954,0.44251248633757967
category_5,0.9337642439960678,0.8262563487033764,0.06420164045337806,0.10595600973943675
category_12,0.7927713795292382,0.7433475402518445,0.38367211614079555,0.5971516950574809
category_6,0.7308953484598982,0.8366417508573764,0.6670255972912246,0.35059426889741885
category_7,0.34608057954780624,0.11029749110482945,0.8466217012543545,0.06388014645252726
category_5,0.9774227687584528,0.3761197414332915,0.34874709208346577,0.07161545653437584
category_1,0.4636926167463594,0.8349999621617634,0.7403870497990999,0.12619314777647717
category_2,0.9923766007800503,0.8958461858340436,0.9250892207238045,0.9882584493507054
category_2,0.7868729701880517,0.2754800747700731,0.8194657211721302,0.09394751525397815
category_10,0.8082192615337481,0.2785810657405693,0.7837991276917611,0.2535421884222425
category_10,0.8672153077400444,0.49286941034744336,0.8619322761618196,0.1291720593324358
category_4,0.9204500562241518,0.6045566618136454,0.764432376934268,0.22775720434874125
category_4,0.6744628993794682,0.18491290717156394,0.7486821617485597,0.7509514670010278
category_2,0.041058306650372134,0.6843337173269786,0.9672057174323121,0.18486205305388848
category_0,0.3272609061279734,0.49916717599304294,0.3235700623161737,0.8903672044917342
category_2,0.031930257501204706,0.27692984616518423,0.3052051408216683,0.32054572415158766
category_13,0.7742354259945976,0.2966157054973678,0.5106529424809853,0.08331850805512919
category_11,0.6985388200319124,0.34807818048970784,0.6294938159120609,0.2705568225014878
category_7,0.967644752056609,0.45062600824971943,0.8759588443658827,0.15291939065752413
category_2,0.3131245292705167,0.8629429753001795,0.8426171819407834,0.5237246930681642
category_4,0.16073349516318114,0.7653320064255722,0.8191578164290386,0.27801885824579786
category_8,0.2547820034397337,0.42479261810526503,0.04482812282003612,0.4484768260785378
category_7,0.22853517046784433,0.4677778863915929,0.7714295113353896,0.1625035509424867
category_7,0.6126505276767602,0.23661513309981197,0.555777537932573,0.6333474712821774
category_8,0.991060574464205,0.7171514221653535,0.6598031734470338,0.5785668125536922
category_11,0.27027715707042665,0.08903752286227129,0.12532577825116076,0.7066683424770449
category_12,0.7027079904127942,0.4386651498681099,0.6261315434435071,0.888012750777465
category_9,0.9303726000181002,0.2952944468600367,0.9409540709167944,0.6577694870729583
category_5,0.2180672938328928,0.9633265773022971,0.16815468626178265,0.3983829757280789
category_6,0.012069684661572433,0.07150386757604821,0.2583236884435689,0.35156793403209186
category_13,0.6844887897480794,0.8387323199441775,0.9390077300524101,0.1825159409025917
category_12,0.4689590759954041,0.1256693690706442,0.9812528330936681,0.45759296357062995
category_4,0.3639414601704202,0.46726037025514333,0.7066941385507063,0.884313496400349
category_4,0.1283303956416897,0.1056968842926771,0.501471030944985,0.6341371238063748
category_13,0.037971209110531534,0.45936118956555383,0.9158561875290777,0.5458741560907839
category_10,0.48287587613753613,0.4922010832752962,0.9866825263903645,0.3941884144208454
category_7,0.30683217536372587,0.4203410150263598,0.18139932717765428,0.12836701408195128
category_13,0.3637806074282972,0.3052242324053174,0.7213627283727067,0.7701492311238807
category_1,0.07508776840477094,0.7276315226478516,0.011755888103532675,0.9429451398298115
category_0,0.01376805558393357,0.8258120301311687,0.8224992697462371,0.45147940809049314
category_13,0.016901307899524487,0.017941088037743858,0.44531003014936543,0.3466014003037333
category_1,0.7000144231779395,0.03591906101839315,0.4911339564714794,0.24623857919185044
category_2,0.08958207034712407,0.3151872462658537,0.252785674903812,0.14462606708836956
category_11,0.2708567128212832,0.9216997691729932,0.4186789496119646,0.8065145735648425
category_2,0.8859945009221094,0.7997744913045386,0.8046628409576642,0.6949996423515876
category_12,0.8279761464124401,0.1621561544102238,0.9455428092566837,0.7376655073639591
category_2,0.09049619509072027,0.797652467976302,0.6665740281936651,0.40799007681132415
category_11,0.06746925292518702,0.9586627764798068,0.7572508526750074,0.019193489754518067
category_3,0.07284383652517501,0.397957859018928,0.6307296722152864,0.42152691181425783
category_8,0.1577036720535363,0.46300768922732416,0.6372674248384246,0.8327953869511573
category_4,0.9628212935486605,0.23516293246030318,0.5851620022934477,0.39289927507327027
category_13,0.7653133205785679,0.6689916475922194,0.6642311354692385,0.7065144883509673
category_0,0.6339868590835115,0.6020162765541544,0.5218161384861988,0.5296377746448546
category_6,0.2748248049361165,0.7283087625968997,0.9266779797544499,0.03807936150811475
category_3,0.8701998375569497,0.5496941576927011,0.8580977460489282,0.2763971905605723
category_0,0.5905412363307618,0.14098305861276206,0.47518205572706074,0.5165578720773673
category_3,0.6984702940387982,0.8186392461946838,0.4202694557082495,0.8916687813490461
category_10,0.9797027431913644,0.7248033388819671,0.06336177792065378,0.03895491726699962
category_10,0.4082843825975183,0.9773193750149176,0.21495251294454987,0.7464759870970771
category_4,0.16794962528891744,0.4526543122783332,0.7635517974111421,0.36191236737870536
category_2,0.13159399464928634,0.8417663964167554,0.2650416732962536,0.05240177903786747
category_0,0.822544046609494,0.8487609526544242,0.7772016214626377,0.6822361352406123
category_12,0.7143377375988937,0.40472980140159653,0.9925173981684643,0.5325383387593533
category_12,0.12188527360034107,0.45312976906959024,0.8826415253083223,0.2733691419391815
category_12,0.047617584681223346,0.7418537628350296,0.8727197653711296,0.35602501182378354
category_2,0.9995893082387107,0.32016334618033915,0.6578010927098494,0.3994877276218851
category_13,0.20632632277202212,0.37194709528769554,0.882637895637614,0.4764472663329893
category_11,0.3508554358038005,0.5306294003169316,0.9330514456461866,0.24799133887161484
category_6,0.204392721086748,0.2619039920330146,0.9195897534616785,0.02284035248677818
category_2,0.11239398301991721,0.03838601478766557,0.03941728116162824,0.6920626111325721
category_1,0.8637615740878365,0.08998919758871027,0.6633364982967892,0.9833013995547483
category_7,0.90585208256686,0.8911397455131143,0.18186020367763722,0.32308929885935234
category_6,0.4676615298548712,0.8750179527816907,0.18114725650280838,0.8497585909080596
category_6,0.9586390435189884,0.6057360640516201,0.4456163887275957,0.4139479803085868
category_12,0.27833007253352693,0.1291094601584174,0.7984290250672398,0.9112710309670146
category_0,0.1846793942810797,0.5075955839225008,0.6804495521076379,0.6627872849350783
category_9,0.16491280769864303,0.06152743659009041,0.7252416509408244,0.8807352174899609
category_12,0.8524573795074077,0.40445016119910726,0.17257619680605463,0.0761304413361733
category_2,0.936278949837694,0.3341085256783076,0.3113649467416495,0.8949175242117435
category_4,0.8594831029163343,0.07700025205930772,0.16807012992391224,0.41168041819844003
category_2,0.8086840390914551,0.6173868361621597,0.02908040667815348,0.9843707977200306
category_9,0.5363963966078753,0.44837786873945507,0.5861528401358072,0.5663943502274488
category_12,0.2660673757336355,0.6693821478463421,0.7970613108508976,0.8750309821311085
category_2,0.8703816346360431,0.3510323177304219,0.8365942397931022,0.9945551999396498
category_9,0.6330186846810137,0.05973359387445287,0.9641924785721566,0.38710607718870926
category_9,0.32098773795798574,0.6117144852000984,0.720099888920156,0.2671918972129885
category_1,0.5417460742143916,0.9397606311584672,0.6582322070415921,0.03410416880248057
category_11,0.10130008559717296,0.6949925763544736,0.9395704118937892,0.4516225167606166
category_1,0.7702210925173765,0.19573024704441,0.3670784993879581,0.3777974159614379
category_0,0.18503076143371588,0.2717462138665979,0.673786697708171,0.4447360276485586
category_7,0.30500100725131873,0.7235002037996796,0.6694787056133534,0.3567464755325773
category_12,0.6435169356360778,0.5628947826290184,0.19658059584460674,0.5025581387132113
category_2,0.27611687793368156,0.7733491622961465,0.6614790308906007,0.6818893953566572
category_11,0.16187059928442538,0.1967853139280964,0.4835087887412557,0.6230386252773096
category_9,0.9103136954147998,0.004419146305162269,0.33232978188291984,0.06108878253835892
category_2,0.837804368538286,0.9879523386566311,0.35776489086113505,0.6608737144094887
category_8,0.7711011048293839,0.42548054038644467,0.4942387461093113,0.7128808219495331
category_12,0.06211001718497,0.7381641018060344,0.6489272757022909,0.2295603593521517
category_11,0.9170366707735247,0.5316658451006827,0.12011286356437678,0.38078619988115947
category_8,0.6004719084275008,0.9880603073234078,0.5514076885398289,0.8738704649940147
category_3,0.5134023092235327,0.07815023761929496,0.00210009666552724,0.5826709738555844
category_1,0.8881240594260236,0.16920708563410158,0.33964174494646193,0.2564951857211748
category_6,0.7602715398734015,0.03516286891850817,0.2190958728559117,0.274324060681583
category_7,0.9886779298348993,0.9558756983469098,0.17336250121949948,0.04869210281762537
category_12,0.2279432391293572,0.7837180017258201,0.3627332829756833,0.16976492000257493
category_12,0.4931667488665268,0.07501874396105412,0.8379401661647863,0.23345480135332075
category_3,0.39164893445431426,0.7009559623014097,0.9192857298864698,0.1904047198534906
category_7,0.8808529316999429,0.880021344794005,0.08462241121365965,0.5977308075607941
category_8,0.7384763247544995,0.5185709284492444,0.2735108901193809,0.05842660726991822
category_4,0.011575126287988957,0.7592488290465206,0.9946053324519878,0.8031298574366128
category_11,0.4086407648232615,0.621290857723378,0.4934372812815634,0.37677065567202694
category_10,0.0749482510024072,0.3913353034614908,0.7681017746477359,0.43216372107283274
category_9,0.8182160562458796,0.850282412734552,0.9780675160917988,0.35134362405133224
category_1,0.15065376813269693,0.5217496030606721,0.23919953827311102,0.3799785187514292
category_11,0.4924414190863484,0.5811873378138235,0.81962870726131,0.5887406413567968
category_0,0.04223947886326873,0.14106429103019513,0.9691417115892585,0.1395819105446343
category_10,0.15123202376269995,0.6419509376213197,0.6005905285547933,0.27443568519167993
category_5,0.28425911959552175,0.13559559820013134,0.9258724607081478,0.03624791762062285
category_5,0.7199203367681148,0.8917270563544779,0.953589406575881,0.5369415004621539
category_2,0.4242917063194457,0.09410632190601187,0.6910302717136062,0.3535433186786693
category_7,0.8611380650840099,0.48413602812028966,0.5166438987523131,0.45682722740754145
category_1,0.6444790761761972,0.092526377440445,0.09320601704347176,0.09668933422744319
category_1,0.5462688318840561,0.5475101941338233,0.09453684987199795,0.03193104306985395
category_11,0.4965144897832092,0.7714590940743871,0.2741088862396538,0.5239612538558991
category_7,0.43687872829571106,0.8145046212120978,0.2945654130489006,0.6222675078577709
category_9,0.6378647427009262,0.9468937078842085,0.36587496049792745,0.772758013914502
category_6,0.6569072363623322,0.21769747205735768,0.0533046871660362,0.7107826547979373
category_8,0.6832909504597501,0.6418806244625327,0.5160506243614539,0.6653840686796539
category_8,0.20674754221415725,0.8835944191273102,0.7201529857649217,0.36439872894858616
category_7,0.11805512498057247,0.9551289679158363,0.6945181111372325,0.8806060727480692
category_2,0.7136356166913694,0.2236150271356595,0.03653788856668183,0.29929358184217447
category_11,0.41902323350843707,0.3424215385873146,0.1543198029014824,0.547481848396278
category_3,0.8709361682029592,0.9195796301621654,0.12324563645829045,0.05131661937371679
category_11,0.022948006211884087,0.4365377544743092,0.8417766321062943,0.7054183464839402
category_4,0.7305795829746349,0.3495503594377689,0.6949100761335744,0.8319937391999277
category_5,0.5470157595414837,0.04558985979682628,0.40724399815159606,0.34305174723944243
category_10,0.5575103467288782,0.15178159919449674,0.3266403279332647,0.962091769444028
category_9,0.695957497784506,0.2925853772961867,0.5958948041435098,0.9503502404046805
category_4,0.9531310870766906,0.4474494704587585,0.36909531553299046,0.8772737560280969
category_8,0.9987016659552381,0.975364509533122,0.4342424683171885,0.35735817969336814
category_7,0.6174848823686139,0.545060662282733,0.03390738334261645,0.7724058465037549
category_3,0.03596604442272988,0.6124254488197739,0.6905338251048648,0.26409922218862847
category_8,0.4121521810404588,0.004974383979788888,0.3567731617832731,0.7782833686031573
category_6,0.39050650625161343,0.7669708093836389,0.9228747108451342,0.5957438384029891
category_12,0.5625454501804915,0.7933526790865917,0.49645296304985687,0.11329369095013175
category_13,0.4240484755216011,0.9936504214285515,0.0360786590649137,0.650561410325395
category_6,0.7250625934307875,0.5503377074715365,0.13281066882116277,0.5253447469512724
category_0,0.4169151439472025,0.43180210860499135,0.8236506269545104,0.3419072356150351
category_8,0.2530345317334114,0.85557650084617,0.9693590402177437,0.9976721270222625
category_8,0.40630806782648676,0.2138565295611765,0.8276528920866401,0.03901849092250176
category_7,0.20229283030478296,0.9755011832540242,0.8254967553645838,0.6680503327346929
category_13,0.6031111710476666,0.6744082394751852,0.7489649564757013,0.11206756879596702
category_4,0.4783830313579299,0.02963500216361359,0.38293959858526083,0.87712354341097
category_8,0.7807502124296135,0.6738893928288747,0.7223279965363704,0.3255714714000618
category_13,0.5169871338395103,0.6617423919375323,0.5941436570708425,0.3399329920482639
category_12,0.03447072808697893,0.37422887691553475,0.6453315963477624,0.23871858077087582
category_2,0.16446924585886202,0.6996773546777441,0.11942682271698091,0.696341664379382
category_11,0.7659777499464758,0.46901308327026014,0.07807117013338838,0.4849995647301537
category_4,0.6150360663853679,0.3946086073419556,0.4259147725999295,0.6957435089402154
category_1,0.24419177969715056,0.4251355046356752,0.926836599147569,0.6429159314185348
category_10,0.5145100222271353,0.8736833382412034,0.8918261382255501,0.9121195730095266
category_11,0.37876285791671405,0.4983877388248522,0.6069718617245571,0.9736563790633431
category_7,0.8245259648724692,0.11511891607122948,0.07599661732523322,0.5166926578191221
category_6,0.4436515612809442,0.3344439900654861,0.4086474088105563,0.5862380737330788
category_8,0.09126462118053258,0.954128722637885,0.3769049991948328,0.9502477807707896
category_7,0.6339433762510601,0.6250945988120488,0.996817348889348,0.8678935953083189
category_9,0.9813975826159966,0.2177337875093206,0.31608392743544234,0.8190449020526764
category_9,0.7973637097680241,0.5386385553741907,0.7690996981138181,0.757192009981263
category_11,0.7241849832615256,0.9310328152649907,0.9413532234629409,0.2077100498158121
category_1,0.7792883446001342,0.008557587085649687,0.6856002817518414,0.970391227182992
category_0,0.7025111316677378,0.9329015848426615,0.9829008351325738,0.9487242962827654
category_2,0.6538309174758326,0.9771953280434387,0.5186113905761274,0.4641384030762441
category_8,0.6795134007547671,0.7223820808902214,0.6433567667699377,0.3353369973340594
category_10,0.4755329640160675,0.002212032656885743,0.1142146320989238,0.31518315450541345
category_9,0.30496864335790075,0.3357565181721919,0.834323604794248,0.1722169006769726
category_9,0.9255034323341828,0.30967301811848447,0.5220331225795136,0.902251229782118
category_8,0.9082424370843951,0.9814277832647917,0.882225665040325,0.6035935573333627
category_0,0.11642227761663992,0.19471237147791864,0.7583168271144226,0.2351809418375781
category_2,0.688271583803694,0.4081759880956065,0.451921121909479,0.05298938615475213
category_0,0.006976122341172397,0.30529499036799546,0.9098232569831288,0.14728617671780453
category_1,0.5009172720029168,0.17946218067593023,0.4437564457580212,0.43687337072851695
category_3,0.39184783452548766,0.36049821183312414,0.7366919498109347,0.4151075837006115
category_7,0.5943138128792547,0.9904019933686037,0.4836937219863594,0.91832931542723
category_3,0.961699501135363,0.3270764693032213,0.47476711490194645,0.8959994956384387
category_2,0.3141607627534192,0.3831729042089439,0.5632486449692043,0.4247512936670217
category_1,0.7987378771708529,0.02755687409459473,0.7832736095401027,0.8465185279139247
category_9,0.20227110987550578,0.5788829776523285,0.43084994403346477,0.07043636407167153
category_4,0.34012549889137045,0.891763330325072,0.7532464775837432,0.819777598958308
category_10,0.09632627211905542,0.29796721577183805,0.7138530167654548,0.6879251270408765
category_1,0.21072121571339708,0.5740684962752701,0.5325532324666455,0.10770240796294384
category_4,0.8191212510344962,0.7047697680554871,0.0678614964935943,0.03182810111224377
category_5,0.5974058056586801,0.7952553490212155,0.6382084019589047,0.14623060428718326
category_10,0.17171675291947297,0.5798852315597292,0.6033103633948121,0.013740182912275856
category_5,0.7857940783213653,0.7804893749196538,0.19978690669515053,0.6040321109378705
category_5,0.4964159692338327,0.2612968656253679,0.2235658208816489,0.9626353738366034
category_12,0.6439364956619673,0.8393786521864234,0.8878735206040516,0.8032854169588303
category_4,0.8377407876312671,0.7762071401898194,0.4352032852355351,0.2929339759804993
category_9,0.19602954779384307,0.8951831694848107,0.8780899891765772,0.29868587195563456
category_6,0.324424630264071,0.5659042097161993,0.6868167071568366,0.17125466354080032
category_1,0.46071644652156063,0.09375804775027186,0.753649929728561,0.33008054656261376
category_9,0.6115998885229672,0.22776951156395808,0.3002445182525121,0.2887043881734387
category_1,0.4770714967427081,0.84146318520398,0.26515657096438516,0.9587073550342934
category_0,0.22571914454972308,0.9468078598564325,0.9564839720628029,0.37112756777482203
category_0,0.10358940738852318,0.049054451733564375,0.24227494054094623,0.7241328219742293
category_9,0.12351194191661496,0.5687001045429991,0.33202229950984774,0.12024311842828395
category_13,0.37180779531313823,0.060267996531362056,0.9277244875721702,0.034415294011604036
category_10,0.19652659490682967,0.9759124316387228,0.5118039076660968,0.1489756016667355
category_6,0.5586191357990726,0.9360477892247704,0.7118091137694005,0.6067326174534536
category_10,0.24451417377644336,0.15128334717036285,0.7824857436399254,0.7648180462726011
category_13,0.6825378971205995,0.5937496143268322,0.724173996023897,0.6244880555445557
category_10,0.4940658630908962,0.009531176362583937,0.6358748156016087,0.4807392413707263
category_9,0.40667720240715877,0.40739801981767443,0.3171978885884945,0.8220352592588568
category_2,0.6839900115167025,0.41180790721066074,0.48878689316771795,0.1795123245787439
category_3,0.7074701654824022,0.28386738864976224,0.4395573879103971,0.6058119361730611
category_5,0.7056032658354583,0.47643220350922766,0.8870907688922995,0.2444917234567654
category_3,0.1851081649861136,0.42783325459861954,0.38936569259840004,0.7524724064221847
category_10,0.9170436368920247,0.3545537509177803,0.1302442038772601,0.6322950003757682
category_3,0.5679062104488598,0.5122424822587304,0.04597073667791751,0.5279480478466553
category_10,0.18725218920236375,0.06388023948357746,0.8828537157010687,0.28494242532090575
category_9,0.16977692523655707,0.05477764999318768,0.4884469639231893,0.7219187979623912
category_6,0.5771360863144714,0.9315488998083418,0.6144989421123717,0.3118512633539118
category_7,0.014747573201662867,0.254595424455763,0.8173177150219,0.1366451440117381
category_7,0.9555807252011216,0.1469702126682365,0.8560082981115754,0.4436513419884429
category_1,0.6355915267800082,0.4380812178033967,0.04685868737674104,0.1188197075133538
category_10,0.7694269874812302,0.5064652400610544,0.9012070303383581,0.004589005010939506
category_3,0.045507692875349504,0.2730495605563761,0.16882652205358495,0.9724089483095049
category_3,0.8656733399565949,0.9827336925011523,0.046805584885666995,0.7189593708231353
category_12,0.8169780278690763,0.9476694931466246,0.6659099741251598,0.5359136748767662
category_12,0.48719309863340676,0.15184157733355697,0.9517803672370193,0.7260398934401944
category_7,0.8744228723102024,0.6174441998894248,0.004125973799439353,0.32223901522046006
category_5,0.3886520504527896,0.3813451930201611,0.22678606916030475,0.7266824160703127
category_12,0.9526463871019974,0.7804394091948947,0.030704930328393942,0.8395824603643852
category_1,0.4984133173283398,0.18858038417786271,0.6201396942855686,0.49044372901853606
category_13,0.793547239859821,0.35399405607380496,0.5330326452099607,0.39540728133809777
category_3,0.052243366406628855,0.6055457042073596,0.32007440967169587,0.7020690519333128
category_2,0.9456882542562935,0.99991285952267,0.2448029412323992,0.651451199739253
category_3,0.03173625854729045,0.7062574576521053,0.5649726332734409,0.36938942133540087
category_11,0.49083679141954073,0.5512098760646047,0.8796294370475063,0.92772238968999
category_5,0.7491750812652869,0.1935251177762921,0.09480993328937637,0.35424035535643295
category_3,0.4179889195250359,0.04523673402268458,0.6152034396282923,0.8458382468254687
category_13,0.5491789089743297,0.1234600592081716,0.2529670819180735,0.2986893796572656
category_4,0.021546192031248523,0.17353191062423579,0.565126231011612,0.9025676666634401
category_5,0.805374343116792,0.09623778633851354,0.06312516164547743,0.9723053849366928
category_0,0.774999815433892,0.9918070638556548,0.5190271156064252,0.47706433388255753
category_4,0.40123576414689477,0.14119483633870755,0.5275104869800481,0.35334991465159893
category_6,0.3759536182297317,0.28496838595392193,0.30189342480906356,0.9363026746739374
category_8,0.794225718150097,0.12199382535168046,0.5481747947812204,0.6547785016234202
category_7,0.10165747708891681,0.8101189866317435,0.05115407899347646,0.12377521830111848
category_2,0.04235669732959091,0.7593471980109194,0.19734982778725674,0.48774233874631956
category_6,0.45071507945164146,0.9405740869516793,0.4023496190132897,0.6418277409944584
category_6,0.957843395015941,0.7071388417444394,0.9613820314064213,0.6331066805938442
category_10,0.4247446091635918,0.26566714618797593,0.19943052743753298,0.2851313465771358
category_4,0.8390353232386437,0.4603112248597838,0.9130008367722274,0.6476626507236152
category_8,0.5442276153940088,0.8980532698683418,0.44436312205330397,0.18114184475713158
category_11,0.6749852136490853,0.5872894904052717,0.5502932133107186,0.9259455385399189
category_0,0.9625931970923349,0.175508787521793,0.3070039794416878,0.2216874474131426
category_6,0.5785525017613721,0.9923759096061053,0.9114645737189151,0.34150787023390716
category_1,0.9281741531104284,0.6626830149707175,0.9413218662093739,0.6742007300271233
category_3,0.37493137610658145,0.11143411607350773,0.997356074297542,0.4964585983140436
category_2,0.1623229744976995,0.9263084495415412,0.020935453614323585,0.5221187105072174
category_12,0.9648598138857761,0.0138032726239109,0.3317743186595983,0.514036209093515
category_12,0.5036655556631056,0.28319305366942704,0.018651253528591427,0.11882309831394522
category_3,0.5981801278009352,0.5061732352847346,0.1526886240896571,0.8168061397910373
category_11,0.19055120965936856,0.9806154888400636,0.5975372629535628,0.30387532317341903
category_0,0.9224066491196823,0.4236215433045467,0.9390015505133879,0.08668427448697025
category_7,0.9350557047955188,0.3315141702554647,0.5010861016377878,0.12009970322995323
category_7,0.19865441326409006,0.029464698050685745,0.41087084635288396,0.22323987338349138
category_3,0.09524433544423483,0.4875705586310948,0.2098036439296158,0.12171131501134935
category_11,0.38437672796660083,0.2214357769951104,0.10747771664085937,0.24380756031615147
category_12,0.0045980921581320056,0.3353922131938002,0.41828790743502275,0.08115248150384524
category_9,0.48175065491001723,0.985059436523516,0.11778017137658181,0.38261126629743547
category_1,0.144391817126583,0.4499598555662252,0.6086230898224587,0.2972970532814564
category_9,0.781870295906156,0.8387443757042564,0.5684863898055582,0.9908792705504547
category_3,0.4818021604596495,0.4800221792689423,0.18060722033817722,0.5980363328351045
category_7,0.4109657088041371,0.9952028944254273,0.8826474888870939,0.49183605052503954
category_7,0.16558393196020194,0.7893771073971819,0.9616603872138921,0.6088197400710309
category_12,0.5379998409660062,0.913961430830016,0.4749880063960913,0.4922445158286862
category_6,0.026615199223389174,0.02261656923493438,0.46841954898938054,0.8711879253870087
category_4,0.7971437112257846,0.4296933228834058,0.4008058640537385,0.6095162417850266
category_11,0.004961214512545831,0.15645675983676044,0.5667953790174871,0.7962894371802575
category_11,0.6329838961595922,0.8303475922643828,0.20837717823562463,0.8237990958728679
category_1,0.3347840094399719,0.20575547442858777,0.8644082901178313,0.7244800430658198
category_5,0.073779486459706,0.06648063982737384,0.14536688404372033,0.95817079916127
category_11,0.6872768679634478,0.4258674713775421,0.9766519706640189,0.11464203962337904
category_5,0.07454811793199734,0.6699822162950602,0.18747133619661627,0.06301578122395779
category_5,0.07655006381210405,0.1395786729229156,0.573773992073051,0.7298432981255505
category_11,0.3203456103197031,0.2698132822363414,0.9241800412321534,0.04130058425114835
category_11,0.646411035909367,0.049421648276453234,0.11330740292839747,0.9740379460399755
category_0,0.6259093488506062,0.5748069392925612,0.7567794463216526,0.5110067656414756
category_5,0.7107060730205724,0.04999255937205194,0.15157320674099828,0.7164460685190307
category_8,0.8499958335637513,0.7760945245750203,0.5766099136162478,0.8580278163066927
category_5,0.15968276938521608,0.41940642256054306,0.3810332544694194,0.38623270967224355
category_7,0.9771199950569985,0.7685784876249726,0.9268832889695227,0.5306699507448661
category_7,0.20886880724551626,0.7616518617009604,0.1098415227196593,0.0592527078413595
category_0,0.6488971006271852,0.08980237975181138,0.8500611984880396,0.046447705177886434
category_4,0.4749492469597115,0.3736998022991683,0.47847923418627125,0.14664255157144135
category_1,0.29488729759524857,0.6564568494569684,0.23269205252032543,0.2064230451151191
category_11,0.30020637283352336,0.04131702042485974,0.018229824459207844,0.6628552710505585
category_0,0.21733723114883408,0.09884382784879886,0.5366069006913801,0.8838861641358443
category_6,0.47724838119725344,0.7756327772184908,0.727584658497585,0.9404715767154751
category_9,0.7104662669051871,0.8633819179201815,0.29441295026280134,0.572846339160725
category_3,0.5525838748643902,0.742928210798612,0.9431986211557838,0.5925258166093098
category_1,0.23823944400498953,0.6553240542587084,0.9217085464815002,0.867562713189199
category_0,0.15694526706150047,0.2160554503397225,0.3011153094887804,0.016626232842001598
category_8,0.2208421963613979,0.8862535345513823,0.19627132647947654,0.402694529728706
category_13,0.6783079580506305,0.5703429477150178,0.8857671040748225,0.6866753901074757
category_2,0.11801222566285752,0.8276157822355791,0.8868503328566588,0.9211543601284535
category_8,0.6738647192781053,0.10154709332052503,0.2986621698753734,0.22407621183335602
category_13,0.9811552298896702,0.13131843564236767,0.3155516286716932,0.39566439974307854
category_8,0.8013561966391489,0.30195768215433527,0.09702364897194471,0.3717293078347368
category_2,0.3037288036170416,0.5817746486902924,0.009247776591848278,0.5707237154758359
category_6,0.7650209482048985,0.20720189010346524,0.5479732814960316,0.013939769753878894
category_3,0.919240835144387,0.5585379883532225,0.2814518848771248,0.020459052422408086
category_12,0.03658822259445382,0.6457772987599711,0.08625138344350236,0.06534004055677689
category_9,0.09702210694157332,0.40962566770111075,0.23779515370750604,0.9309573750763205
category_10,0.6491467116674291,0.3478815330150663,0.7903139264752002,0.3223167320858309
category_4,0.2333766447685316,0.7895173097094218,0.08748414034091001,0.8569262766058231
category_13,0.3090928159266769,0.33548029636838983,0.3325704734238457,0.5228216322279825
category_9,0.41116674529276576,0.8444553266733474,0.44991067203447255,0.25254856528136227
category_13,0.6379549822513259,0.4230766472519969,0.5069719190182344,0.3376257988080896
category_11,0.4177600676155043,0.7137365589686964,0.12782092275963153,0.16248863897402754
category_12,0.111545494339507,0.0385319644239287,0.40045197279981415,0.6123533001857336
category_5,0.18482555738705186,0.4336289518123191,0.10226874496141714,0.6396005034048298
category_5,0.8104800691794914,0.1372901910652321,0.9952417789997626,0.2357408561372809
category_6,0.7584987305679604,0.4090204995323463,0.08941485754876399,0.9246364049327204
category_7,0.7927298662269684,0.7663026472020501,0.6257445139044224,0.6300237357710694
category_6,0.2999043571752097,0.4072336230044513,0.683489644668391,0.8047348005889078
category_0,0.18620493238268332,0.983635847075076,0.18677112215108183,0.7527747303071517
category_12,0.75118428843183,0.9241992617545124,0.3205940551890405,0.6204048609988158
category_11,0.4293752456520131,0.6914947219638933,0.7562205471339811,0.45316183809381505
category_1,0.05001387013010472,0.2091623772021317,0.7294403316432231,0.5122485692945828
category_1,0.7360415672263741,0.3794389009393885,0.5150618950874021,0.23953395665957478
category_8,0.14518970542012943,0.11987158870303671,0.7958186627297585,0.5111574144647085
category_8,0.9393246505225237,0.39376362344669924,0.38515056534568193,0.9363596769820273
category_5,0.5089113360030117,0.8198708926698651,0.2636140057346682,0.061055233296774425
category_4,0.7952477229672178,0.08512792925374046,0.8988435382451974,0.0478697309551086
category_13,0.16580749617691315,0.6689077345990326,0.4183951996932709,0.8122799530621855
category_6,0.0906558967408353,0.31780079872337974,0.20444755926125602,0.8051946020405807
category_10,0.4315427810821142,0.35628447091790505,0.679092677279255,0.667525351325354
category_4,0.9757369282684444,0.038501574732496824,0.44804464537143696,0.06743389869770877
category_5,0.44402650573989655,0.991924982585234,0.09094645535522794,0.8689001123488108
category_4,0.8141095210303853,0.6821890360320043,0.1866334134162494,0.5327210378320058
category_13,0.4031883494708186,0.5407224829232751,0.7697586447246172,0.997962885885798
category_5,0.34740038198834267,0.0891085821288643,0.3588323994137571,0.9880475440932845
category_2,0.9187458810302669,0.8062970904908835,0.042177708457128316,0.03999753397751582
category_7,0.7902234025639964,0.5459744871711382,0.36757646953149836,0.7590755251092514
category_8,0.21898985163122953,0.5699203564347209,0.7219406711633694,0.3352975355591462
category_5,0.7308045592231185,0.18323524844561534,0.30468856422332047,0.8389750961032391
category_5,0.2058228974748264,0.26054971233821345,0.9557578693577554,0.9502292155617074
category_13,0.14824518955060084,0.4874390318780323,0.4006527453412809,0.9912433635328356
category_4,0.12267838977291567,0.0582356492108792,0.03777087989275352,0.747360675747802
category_11,0.022356450017080864,0.577555888283497,0.34693947257128,0.6825159396802695
category_2,0.9652695544160835,0.3424912437908447,0.19069581124800083,0.8326386287969709
category_12,0.5809919551632586,0.30958688226954856,0.9015816061394846,0.791338865917981
category_5,0.35659904494187533,0.6194648961422586,0.9589665694133815,0.025220240189694265
category_0,0.1582104985629712,0.6926977776500268,0.5725963218517806,0.5858441677221566
category_7,0.1165057604080808,0.44149711980105644,0.5607209388353029,0.19049333619257736
category_0,0.18024029265794894,0.9843557597646406,0.05553077847911636,0.5133260183935651
category_12,0.13624227156032476,0.882578295945718,0.07647651402398092,0.825086127944424
category_10,0.28866450511065156,0.7163887661152492,0.9983927059688239,0.3011807171749039
category_5,0.5716134936639988,0.357298637716737,0.07637219613364565,0.7457926624485431
category_1,0.23744850649898352,0.7352694861576017,0.5261618867944465,0.17800748067008088
category_12,0.9898830062627444,0.02971922723090692,0.08246273072865662,0.4978853421387551
category_1,0.9375450799215853,0.1480812707841408,0.43820938752895866,0.7513395616445963
category_7,0.18914469918212762,0.3311519246139544,0.35909341651733373,0.11135652635115334
category_12,0.7582076179776176,0.7442827313765921,0.3392271854957749,0.8625469247436419
category_4,0.9863180705069644,0.46611773761908515,0.07617022601070256,0.26157624416105973
category_7,0.5052054182958482,0.01576298589614744,0.8931139170403629,0.16451465154170308
category_12,0.5818571211166779,0.24125942875858786,0.19338820373926913,0.4171839439766797
category_8,0.46423194264778345,0.9789216452449484,0.8262465120308444,0.6812383391311715
category_7,0.3858298430830832,0.010110213314939442,0.7970555492221799,0.3907543355873383
category_13,0.15834514895787255,0.08371140479535466,0.5536982642872637,0.40632414249968407
category_7,0.5379405750393874,0.31750882867066677,0.7232281244792014,0.12143841381165887
category_6,0.9352712297940781,0.3329971045122795,0.14292374090298343,0.23048304340128956
category_2,0.3302516193384244,0.32784993247113603,0.6735829518196822,0.9056628078921921
category_5,0.015733886183101897,0.10858379964434262,0.32683226532975995,0.6929898326088321
category_11,0.08687488362689222,0.3399961588236107,0.9140359391988082,0.9186515177177575
category_1,0.6118712930311632,0.3061403493412913,0.5915263776781371,0.9285680240220054
category_13,0.8094851894379833,0.6422951336061923,0.6598392166246808,0.5862842977375117
category_10,0.4173981738597502,0.7325287152252421,0.8378740216298931,0.3317967337334352
category_6,0.007009797928493322,0.06511825618177614,0.5143391847561782,0.2911796006598947
category_9,0.48680796980536867,0.4601344447530009,0.8083713541508427,0.21056348311563156
category_0,0.2561392328127269,0.3990614607403401,0.1528433985803339,0.09993630320431002
category_3,0.4145646076273303,0.07491179675732973,0.5774289916626681,0.6048576210710069
category_6,0.14416324367390998,0.7177592449260504,0.5370244180836778,0.3029273589267555
category_11,0.839410452856877,0.5053983149175545,0.8501449300820987,0.2208431657679233
category_9,0.5693784713162162,0.47254611914743794,0.6906850676844529,0.29730040041285
category_5,0.1659922989459588,0.048796709883849876,0.2524773173002577,0.7985020859479157
category_11,0.025014368359207118,0.6960178733853892,0.2559910575195401,0.49016675057425907
category_4,0.537613751525399,0.7740366768144126,0.6367312104485013,0.7362084735511906
category_7,0.990918568668425,0.9447820648419383,0.9951838649054141,0.18917740435015162
category_8,0.12717215908102575,0.4780317725461045,0.9751639992767497,0.7811335511433296
category_13,0.7784452551841586,0.640173793703468,0.6214983226092998,0.24639139235168406
category_10,0.03913301907795419,0.1463817844098927,0.21480140840362338,0.17485162998361492
category_7,0.6360422134948271,0.42187743695685753,0.2739843696125329,0.9424686236896146
category_7,0.4135797601341167,0.19067582568532748,0.4697639494522391,0.4256957614575325
category_0,0.2101976998984253,0.9692947600055547,0.619931986191958,0.7345414997252343
category_1,0.8618264529643199,0.982826969835639,0.15271060978765771,0.4526421461980483
category_1,0.41551011915963454,0.2099485211888742,0.21018169884624294,0.9684605519821932
category_10,0.7319365531417065,0.8421490544215792,0.8180714676350804,0.6730648326708898
category_0,0.20955753459594428,0.35625963253201154,0.23572171654968288,0.6759888361770521
category_8,0.021447111679482544,0.6629583019398325,0.4802682495086369,0.33498369649128257
category_0,0.2343118464631474,0.34054494817421777,0.8395416357823786,0.8564348200357912
category_2,0.5330977053822081,0.738345866405207,0.6334095385178028,0.4580601986662126
category_4,0.9141192834297887,0.5564656984441875,0.03465125843454464,0.32855264264753536
category_4,0.05480658855291809,0.4244850559709784,0.5268468696398488,0.8633250309509013
category_6,0.13638280806923764,0.1573587161549902,0.9900921625164485,0.18570960047926677
category_6,0.9616010987064191,0.3432579293695187,0.40688636444064386,0.7740970519773464
category_3,0.446093505907012,0.7061578834248711,0.59009767753447,0.5390710029640161
category_3,0.8795278892649778,0.5291913539736932,0.48980147528565177,0.6771703966561602
category_13,0.024467343862399127,0.3885327368764111,0.10666913910199682,0.6705075526728157
category_6,0.38772607187655994,0.588116901856796,0.44170109156501236,0.36027639404474376
category_0,0.7203176853272838,0.26035604861060213,0.3187221429029743,0.26819360523469604
category_13,0.13107979944375814,0.8025737282956281,0.7682882319572532,0.8746638636165568
category_13,0.008931437135366815,0.43399845839018913,0.3099144431870128,0.7248627938883889
category_9,0.22890196398118456,0.595227133330982,0.8331892751264738,0.6081896907375279
category_6,0.2965215018723245,0.4416678693018091,0.8751974209148624,0.22736588806454827
category_5,0.343738924214504,0.39518829530207966,0.6936557682706691,0.8445884584090044
category_1,0.12696942601210326,0.057211548224590625,0.2858876141339277,0.6061903835657378
category_2,0.056253349106123784,0.3074275801981531,0.6826751534821225,0.3969087157833159
category_1,0.5290941109857367,0.5369584874446692,0.5351933036427623,0.6438218675317381
category_13,0.24903424519116768,0.8138603408550964,0.9943150373399329,0.49203191242800404
category_11,0.9115979266312444,0.3812042553825167,0.18567418943723346,0.26926159829672003
category_0,0.019304588070744977,0.4192634420553256,0.23426885782194873,0.3343666871249492
category_1,0.12482523713898064,0.5644504051618818,0.5370174175672348,0.274963672266491
category_0,0.5734170136542802,0.1382544181232327,0.5848541137005273,0.36424169381129035
category_6,0.13764619134506462,0.32883132215367317,0.7297673001657242,0.05382121294835995
category_9,0.40177156202556885,0.8029318005472841,0.9152341449360861,0.5859371958748679
category_2,0.9738848848635793,0.4670857787925611,0.4322233975409995,0.021034716685755295
category_3,0.6260221910165378,0.22009620890495762,0.8901229554756461,0.9864680896792595
category_7,0.1440534771469787,0.19331164187658145,0.3606762110007945,0.49272157904482394
category_3,0.4619121140589657,0.38746405918654636,0.23366418264590982,0.5902133479163574
category_12,0.10258116494782399,0.5060572871674431,0.7757296902767951,0.6946016125250776
category_10,0.6861970116369932,0.7534830080664032,0.9127693473042596,0.034174750054674075
category_11,0.6661817408844207,0.9121019171486417,0.7045269148716842,0.589655271942616
category_2,0.370600166763003,0.4514108935562996,0.43762006122344843,0.2766422945998035
category_1,0.5326729048010758,0.4372818718964525,0.1869331673176422,0.16003445477465605
category_0,0.6298534479293918,0.01824678871528218,0.4782748417316568,0.6721150553277627
category_6,0.4938110272274787,0.437120965291529,0.42947697027991216,0.8787684376748931
category_5,0.046900548231335826,0.6578475671777908,0.4733071739940635,0.10726555556909123
category_12,0.5065338608703888,0.8931658442505322,0.7170899476216211,0.8016368038385762
category_10,0.4112214791106884,0.7406570977097637,0.6213369019375032,0.27576662821404174
category_5,0.6693407341371816,0.18319031286987386,0.1044434718336491,0.5137658435312108
category_7,0.07745478057929878,0.7876020252660734,0.09047348091918439,0.4637080820273167
category_7,0.8552743989141955,0.6946419023466025,0.5423922146755836,0.12257230038446965
category_5,0.4543933450488713,0.7596856334117483,0.5837838914004267,0.5888328948631991
category_3,0.5679649493059077,0.936146447557785,0.4344572636730084,0.9648359000475814
category_5,0.7675680279309027,0.8773145546552582,0.16372454669174652,0.2690990323911021
category_0,0.12595034912202752,0.018377992675027266,0.5822175514509581,0.669110839852612
category_7,0.41189300200945733,0.9162112116055956,0.07340145142027454,0.32572608467788966
category_5,0.8028136684083916,0.777760378461947,0.6429474539665413,0.4599953092886342
category_13,0.6329189816355245,0.293092053405156,0.6590601017073637,0.7079756030488765
category_9,0.5916948315654796,0.9484379814380697,0.11443831592875353,0.8561201134758019
category_13,0.6117755648294517,0.5159392525841274,0.7722770673341394,0.3632064520092668
category_10,0.5919790026106464,0.474885724833916,0.4953549502979159,0.05213305870270213
category_9,0.013033716247505156,0.6964716262384969,0.1579682346550496,0.3567340881663633
category_11,0.10005522346913465,0.3124166436626251,0.453602237899847,0.2071754475611589
category_4,0.7273440087806534,0.9087782893582479,0.025914523640695908,0.8031643161363299
category_0,0.156342866544947,0.8160612362404129,0.47752232030694397,0.5529199580546673
category_5,0.6093518663330956,0.5643050919245083,0.3494635258041794,0.33713320274774494
category_3,0.9291286801209262,0.3877952844405794,0.34867939764243405,0.6464062436858613
category_12,0.4818520694817624,0.5119890403804231,0.18168837318489395,0.9450857066992895
category_3,0.482974707301412,0.33525865878838357,0.7419632882699768,0.1355404137147831
category_1,0.21936447040470086,0.3092374462150791,0.26276357676793505,0.7086112753166788
category_1,0.41783066012250647,0.2208112807569811,0.09736124784664069,0.7244696672979766
category_2,0.30457597026826744,0.8324397389978563,0.30740391903181363,0.5490568257819426
category_4,0.8330500886015748,0.6208359343488964,0.08238163954096644,0.6906661803688036
category_13,0.8897089675609907,0.8050870241423945,0.7529503140357193,0.5333541895095681
category_3,0.6861169086921879,0.08466185821091199,0.5986805161527207,0.4466325056718248
category_12,0.8135226385433184,0.7610821414034525,0.9116771965670348,0.06317277601348559
category_4,0.3201746033689358,0.8160154895927243,0.9313352388782494,0.2830544962696335
category_9,0.537703506969333,0.26253138876145454,0.23677481225007868,0.4096980536689633
category_6,0.922729747314081,0.1557359313651333,0.43763129892798913,0.0689947291386932
category_9,0.8987213925640433,0.12338500134842367,0.39328283497832206,0.8337091788815533
category_0,0.9287771818193837,0.6173132492979867,0.20865210895120034,0.279091521041853
category_4,0.7824282097601948,0.6797033794874313,0.44748291322199407,0.8389515024258146
category_13,0.2910505511661755,0.1363782286957963,0.050916777023172766,0.9462709829575136
category_0,0.27419198070443973,0.7434426223228195,0.6100335282884632,0.3558699863862409
category_13,0.3794137225087838,0.5519169950793684,0.7348659139415359,0.6867298910415156
category_1,0.6070676874967083,0.5884739698683953,0.967130740108371,0.3087065501807148
category_7,0.13554465493395662,0.7000625780408357,0.2164161270891387,0.060636614883938456
category_7,0.3993090018809484,0.36124690090604206,0.6543103098882369,0.3586782963823687
category_1,0.3345463784364795,0.6197452361119,0.08385425100305433,0.2663031164523473
category_8,0.2597653865696101,0.8642671430270793,0.4479080900279707,0.9989828289135405
category_1,0.022635869077230142,0.1425408606083357,0.640982502820215,0.24726228673439887
category_12,0.11930257198867567,0.5053196043184278,0.49802338580484173,0.4332746535400712
category_6,0.3924816853992429,0.961677788991678,0.4801916235353595,0.5503717176927105
category_4,0.45135435498908183,0.0752789765150027,0.3913460025666773,0.1750423521902209
category_0,0.8120146048751886,0.7498564173621906,0.6698940305787353,0.8022945916538404
category_0,0.8869673009214378,0.012869887492340859,0.6868596331525776,0.9102857544566322
category_2,0.14327975918202762,0.47779580848389047,0.45523803636532423,0.8852011806720004
category_4,0.23777209108362984,0.9608235950834682,0.03380781347471473,0.5808955083131484
category_10,0.9594948290375448,0.3467593611959551,0.7654016986888402,0.5580462482765784
category_0,0.3031131313216412,0.8859710092420897,0.3824277398443916,0.2674617912445366
category_9,0.09742148914267101,0.2952051045184083,0.2050727066297272,0.37018805175101666
category_10,0.009519334782543631,0.32315940314975344,0.22484270271695062,0.18940440760734667
category_1,0.985622439494931,0.9393005719546482,0.16909577078824845,0.06482768018302654
category_13,0.8933420942351304,0.3613865729491118,0.8854997606298738,0.5384389624314581
category_12,0.7318914773159599,0.2140148938540385,0.0555964802346165,0.2740530815438643
category_12,0.6206476619142149,0.14435450523120363,0.5299416509509457,0.8689544969032267
category_0,0.8106713902791665,0.9448726391823709,0.7251332662397185,0.06114176351416556
category_7,0.30978977709027156,0.855515388957035,0.5916560904595062,0.22960196016822765
category_6,0.6662900085382844,0.1252064957888751,0.002775566128685125,0.9992561958515643
category_0,0.3389405496699859,0.2086861615131761,0.06097823302433991,0.14828089929799693
category_12,0.5052970184095985,0.6191663277632653,0.4055755762549653,0.5139680649419002
category_11,0.009011129469478796,0.035312055763858874,0.5057887671693041,0.3131204097547805
category_2,0.8425330687862865,0.1250786667248246,0.2744062596663458,0.8979375428619086
category_13,0.8668761589223979,0.528401880379193,0.3621557696313663,0.16882355120532055
category_3,0.015493084895676912,0.07392412134225479,0.1644284139259482,0.31981031781326996
category_13,0.8184678759840562,0.2730004060047202,0.427210505403831,0.8343063261276875
category_4,0.3116506796053834,0.432145041421367,0.9302279705220142,0.6984943224240173
category_8,0.27988281335269316,0.5346620919626419,0.35059725411813125,0.6218550226672841
category_8,0.2897003985845201,0.2863528595734782,0.4765568785855705,0.23848541171031556
category_8,0.5298644157731319,0.7153250457270068,0.7988267319615848,0.21050326160529687
category_8,0.03471684691077348,0.7457344798713496,0.9950244388989906,0.6193711237332971
category_6,0.7696050025286877,0.40027113757963073,0.15478844180041063,0.567303306868675
category_3,0.07583811808241248,0.2178255596343578,0.6987735711591841,0.538084379949747
category_1,0.8643309210875131,0.46825135694448927,0.7797030537366062,0.5375096832318899
category_5,0.39286417985813304,0.11168337477157275,0.36672220825782464,0.09627347783839002
category_4,0.14503649074155045,0.3679058492327755,0.98006803481111,0.73043989680187
category_2,0.07016071319964179,0.5757862619438114,0.21250020484346588,0.35270010746626435
category_3,0.0558576072510687,0.35527458796384026,0.35371749883316495,0.26187117182391784
category_11,0.6026230999091486,0.8971561683086484,0.8555402082968688,0.9128602708808613
category_9,0.9489183678410879,0.882244485544494,0.2854960945003414,0.5701754862256618
category_0,0.7894815912405798,0.11336677053380195,0.6216168527073144,0.5215899793194394
category_10,0.3922038044498659,0.2408237620219832,0.4988952720899741,0.6106048305603147
category_3,0.850072163925705,0.787057728641113,0.7400937474771525,0.48094241309940255
category_7,0.6869595994599705,0.5649648311919738,0.17116371722119406,0.040740980181854236
category_9,0.9745437499503536,0.61693252342428,0.8650004359234209,0.8355351673087288
category_1,0.4060205527068529,0.42662191573284136,0.8100704758222189,0.496982376630414
category_8,0.3061309880804438,0.47223596562576764,0.5812951147351566,0.4836412315122164
category_8,0.4928602279055293,0.9416316988944677,0.4953392591792517,0.45661058329915183
category_11,0.06592945316565357,0.21485859224909065,0.5743092252267981,0.8287650426289105
category_2,0.7466397629521753,0.5179300588352889,0.8145780658324897,0.06399867623354982
category_2,0.6193447441091332,0.03816029997707948,0.10967071837169029,0.19973182664784894
category_8,0.23956075276258915,0.29166938161461453,0.4295141834954732,0.8753708123497176
category_4,0.7553685116661114,0.5891057681407131,0.3314985446893771,0.20223396120271164
category_8,0.8659156929030052,0.8364503708635181,0.09353947334114388,0.14340625563339005
category_6,0.29033906692106215,0.43515891649751404,0.06213165271685295,0.6447763216628057
category_7,0.27648711713425866,0.9955406314232383,0.403740699671878,0.014992470986444517
category_0,0.7898447012820331,0.7088700678374036,0.4277589269351345,0.4921959042716355
category_5,0.6949688253252008,0.47960636622565767,0.2234457079529626,0.3359793171903731
category_1,0.5204169409135411,0.9098458008899938,0.7865871723997379,0.00033039254996347633
category_6,0.261753777173652,0.47577224588802436,0.5777554676417582,0.987740800931058
category_1,0.26409336420175966,0.14476944609943165,0.89039250793231,0.06768239797431941
category_3,0.35917323736770035,0.20524873276105604,0.4340969142194956,0.920233203081858
category_6,0.506189611060875,0.6828117828732617,0.9957090795266933,0.8880954371280732
category_6,0.9357058850553908,0.543587463706456,0.5641916205782123,0.14923847517716182
category_10,0.5718951371438469,0.3124310566041151,0.11202521267020527,0.0982576724079528
category_13,0.23220937641668493,0.7142224260568268,0.26191899216611325,0.3042967781656446
category_8,0.5448321862595842,0.11899054222686989,0.4554190292949565,0.28784284186455333
category_0,0.7087800779264423,0.6522801927572984,0.8666149808744206,0.18324948979243583
category_9,0.4290950553653764,0.9129637636596702,0.16384289326966606,0.8140128632835492
category_11,0.45108641343278544,0.9444211010596442,0.9175092116564958,0.40830415291871247
category_11,0.3101607374351466,0.12196783750633877,0.1798162384651263,0.9026391221221345
category_13,0.128185766075109,0.7910290410708863,0.7981138879454504,0.5735180904648941
category_2,0.7458130703492357,0.616985679807919,0.006921759980569875,0.5329916458104329
category_13,0.8353956700087679,0.813937753731113,0.4554395061222528,0.7295410334599811
category_9,0.05249655200057601,0.8336801519931262,0.07920378189327693,0.5470745381819379
category_9,0.8114917995063723,0.7991820841548283,0.2820079752437499,0.7389539398131421
